<!--
   Copyright (c) 2017, WSO2 Inc. (http://www.wso2.org) All Rights Reserved.

   WSO2 Inc. licenses this file to you under the Apache License,
   Version 2.0 (the "License"); you may not use this file except
   in compliance with the License.
   You may obtain a copy of the License at

   http://www.apache.org/licenses/LICENSE-2.0

   Unless required by applicable law or agreed to in writing,
   software distributed under the License is distributed on an
   "AS IS" BASIS, WITHOUT WARRANTIES OR CONDITIONS OF ANY
   KIND, either express or implied. See the License for the
   specific language governing permissions and limitations
   under the License.
-->
<template xmlns="http://ws.apache.org/ns/synapse" name="create_Folder">
        <parameter name="folderName"/>
        <sequence>
            	<log level="full">
			<property name="uri.var.folderName" expression="$func:folderName" />
		</log>
		<class name="org.wso2.carbon.connector.DocumentumConConnector" />
		 <script language="js">
            <![CDATA[
                    
					var folderName = mc.getProperty('uri.var.folderName');
					var payloadvar = '{"properties":{"object_name" + ":"' + folderName + '"}}"';
					var payload = mc.getPayloadJSON(payloadvar);
					mc.addHeader("Content-Type", "application/json");
					mc.addHeader("Authorization", "Basic YXBwb3duZXI6TmV3dXNlcl8xMjM=");
					mc.setPayloadJSON(payload);
                    ]]>
         </script>
		<call>
                      <endpoint>
<http method="post"
uri-template="http://172.28.254.169:8080/documentum-rest-web-16.7.0000.0076/repositories/doctest/folders/0c0277b68002952c/folders"/>
                      </endpoint>
              </call>
        </sequence>
</template>